index,domain,subject,topic,problem,solution,answers,answer_type,unit,is_multiple_answer,language,level
5051,Electromagnetism,Geometrical Optics,Imaging of Light,"An elderly person can clearly see objects between 100 cm and 300 cm. Simplifying the eye to a simple lens located 2.0 cm from the retina, find the focal length of the lens when viewing the near point at \(100 \, \text{cm}\).","In the above equation, if \(u_{\text{near}} = 100 \, \text{cm}\), then \(f_{\text{near}} = 1.96 \, \text{cm}\).",\boxed{1.96},NV,\mathrm{cm},False,EN,Laws Application
5052,Electromagnetism,Geometrical Optics,Imaging of Light,"The refractive index of a material depends on the wavelength, \( n=n(\lambda) \), and this phenomenon is called dispersion. The focal length of a lens is related to the wavelength:

\[
\frac{1}{f}=(n-1)\left(\frac{1}{R_{1}}-\frac{1}{R_{2}}\right)
\]

where \( R_{1}, R_{2} \) are the radii of curvature of the two surfaces of the lens. Since \( f(n-1)= \) constant, we have:

\[
\frac{\delta f}{f}+\frac{\delta n}{n-1}=0
\]

The quantity \( \frac{\delta n}{n-1}=\Delta \) is called the relative dispersion of the lens material. Determine the condition for achromatic two closely spaced lenses.

The dispersion relations for lens I and lens II are:

\[
\frac{\delta f_{1}}{f_{1}}+\Delta_{1}=0 \quad \frac{\delta f_{2}}{f_{2}}+\Delta_{2}=0
\]","For lenses I and II, we have

\[
\frac{\delta f_{1}}{f_{1}}+\Delta_{1}=0 \quad \frac{\delta f_{2}}{f_{2}}+\Delta_{2}=0 \tag{3}
\]",\boxed{\Delta_1 f_1 + \Delta_2 f_2 = 0},EQ,,False,EN,Math Derivation
5086,Electromagnetism,Geometrical Optics,Imaging of Light,"The diameter of the objective lens of an astronomical telescope is 18 cm, with a light transmission coefficient of 0.50. Find the optimal magnification (normal magnification) for observing stars with this telescope. Assume the diameter of the pupil of the eye can be taken as 3.0 mm.","To satisfy the condition \( D' < D_e \), a reasonable design would require the telescope magnification \( M \) to satisfy

\[
D' = \frac{D}{M} = D_e
\]

Calculating this gives

\[
M = \frac{D}{D_e} = \frac{18}{0.3} = 60 \text{ (times)}
\]",\boxed{60},NV,,False,EN,Practical Application
5105,Electromagnetism,Geometrical Optics,Imaging of Light,"The refractive index of a material depends on the wavelength, \( n=n(\lambda) \), a phenomenon known as dispersion. The focal length of a lens is related to the wavelength:

\[
\frac{1}{f}=(n-1)\left(\frac{1}{R_{1}}-\frac{1}{R_{2}}\right)
\]

Here, \( R_{1}, R_{2} \) are the radii of curvature of the two lens surfaces. Since \( f(n-1)= \) constant, then

\[
\frac{\delta f}{f}+\frac{\delta n}{n-1}=0
\]

The quantity \( \frac{\delta n}{n-1}=\Delta \) is called the relative dispersion of the lens material. Find the condition for achromaticity for two closely spaced lenses.

Determine \( f_1 \) and \( f_2 \) using the given conditions and formulas:

\[
\frac{1}{f_{1}}=\frac{1}{f}\left(\frac{\Delta_{2}}{\Delta_{2}-\Delta_{1}}\right) \quad \text{and} \quad \frac{1}{f_{2}}=\frac{1}{f}\left(\frac{\Delta_{1}}{\Delta_{2}-\Delta_{1}}\right)
\]","From equations (1) and (4) we obtain

\[
\frac{1}{f_{1}}=\frac{1}{f}\left(\frac{\Delta_{2}}{\Delta_{2}-\Delta_{1}}\right) \quad \text{and} \quad \frac{1}{f_{2}}=\frac{1}{f}\left(\frac{\Delta_{1}}{\Delta_{2}-\Delta_{1}}\right) \tag{5}
\]

From equation (4), it is known that the signs of \( f_{1} \) and \( f_{2} \) are always opposite, meaning one lens diverges while the other converges. To correct chromatic aberration, one should use flint glass \(\left(\Delta_{1} \approx 1/30\right)\) and the other should use crown glass \(\left(\Delta_{2} \approx 1/60\right)\). If the system is convergent, the lens with a shorter focal length should be convergent \(\left(f_{1}>0, f_{1}<f_{2}\right)\) and made of crown glass to ensure \(\left(\Delta_{2}-\Delta_{1}\right)>0\).","\boxed{f_1, f_2}",EX,"None, None",True,EN,Laws Application
5118,Electromagnetism,Geometrical Optics,Imaging of Light,An elderly person can clearly see objects from 100 cm to 300 cm. Simplify the eye as a single lens located 2.0 cm from the retina. What is the focal length of the lens when viewing the far point at \(300 \mathrm{~cm}\)?,"Using

\[
\frac{1}{u_{\text{far}}} + \frac{1}{v} = \frac{1}{f_{\text{far}}}
\]

and substituting \(u_{\text{far}} = 300 \mathrm{~cm}, v = 2.0 \mathrm{~cm}\), we get \(f_{\text{far}} = 1.99 \mathrm{~cm}\).",\boxed{1.99},NV,\mathrm{cm},False,EN,Laws Application
5119,Electromagnetism,Geometrical Optics,Imaging of Light,An object is placed 10 cm in front of a converging lens with a focal length of 10 cm. Determine the position of the image formed by the converging lens.,"For the first lens (converging lens), the object distance $s_1 = -10 \ \text{cm}, \ f_1 = 10 \ \text{cm}$. According to the lens formula, the image distance $s_1^{\prime} = \infty$. Therefore, through the converging lens, the object forms an image at infinity.",\boxed{s_1^{\prime} = \infty},NV,,False,EN,Laws Application
5124,Electromagnetism,Geometrical Optics,Reflection and Refraction of Light,"Given a disk with a radius of \(a\) and a thickness of \(d\), how can its refractive index be altered so that it becomes an equivalent converging thin lens with a focal length of \(f\), where \(f \gg r\)? Write an approximate solution for the radial distribution function of the refractive index \(n(r)\).","When \(f \gg r\), the approximation is given by

$$
n(r) = n_{0} + \frac{1}{2} \frac{r^{2}}{d f}
$$

$$
<image 1>
$$
\end{center}",\boxed{n(r) = n_{0} + \frac{1}{2} \frac{r^{2}}{d f}},EQ,,False,EN,Math Derivation
5125,Electromagnetism,Geometrical Optics,Reflection and Refraction of Light,"A light ray enters the surface of a glass semicircular cylinder along a plane perpendicular to the cylinder's axis, making an angle of $45^{\circ}$ with the normal to the plane. Given that the refractive index of the glass is $n=\sqrt{2}$, determine the angle of refraction of the light ray after it passes through the glass.","According to Snell's law,

$$
\sin 45^{\circ}=n \sin \beta, \quad n=\sqrt{2}
$$

we find $\beta=30^{\circ}$. That is, after entering the plane, the angle of refraction of the light is $30^{\circ}$.",\boxed{30},NV,^{\circ},False,EN,Laws Application
5140,Electromagnetism,Geometrical Optics,Reflection and Refraction of Light,A concave mirror converges parallel light perpendicular to its optical axis at a point 20 cm away. Find the focal length $f_0$ of the concave mirror.,"According to the properties of a concave mirror, when parallel light perpendicular to the optical axis converges at a point 20 cm from the mirror, the focal length of the concave mirror is $f_0 = 20 \mathrm{~cm}$.",\boxed{20},NV,\mathrm{cm},False,EN,Knowledge Recall
5148,Electromagnetism,Geometrical Optics,Imaging of Light,"The diameter of the objective lens of a telescope is \(75 \, \text{mm}\), and the diameter of the eye's pupil is \(3.0 \, \text{mm}\). Calculate the ratio of the apparent brightness of the Moon's image seen through the telescope to its natural apparent brightness when the magnification is 25 times.","Consider the case when \(D_{e}=3.0 \, \text{mm}, D=75 \, \text{mm}\):

When \(M=25\), then

\[ 
D^{\prime} = \frac{D}{M} = 3.0 \, \text{mm} = D_{e} 
\]

At this point,

\[ 
\frac{H_{0}}{H} = 1 
\]",\boxed{1},NV,,False,EN,Practical Application
5153,Electromagnetism,Geometrical Optics,Reflection and Refraction of Light,"Given that the apex angle of a prism is $\alpha = 60^{\circ}$ and the minimum deviation angle is $\delta_{m} = 30^{\circ}$, find the refractive index $n$ of the isosceles prism.","The relationship between the refractive index, apex angle, and minimum deviation angle is given by:

$$
n = \frac{\sin \frac{\alpha + \delta_{m}}{2}}{\sin \frac{\alpha}{2}}
$$

Substituting $\alpha = 60^{\circ}$ and $\delta_{m} = 30^{\circ}$, we get:

$$
n = \sqrt{2}
$$",\boxed{\sqrt{2}},NV,,False,EN,Knowledge Recall
5161,Electromagnetism,Geometrical Optics,Imaging of Light,"The refractive index of a material depends on the wavelength, \( n=n(\lambda) \), and this phenomenon is called dispersion. The focal length of a lens is related to the wavelength:

\[
\frac{1}{f}=(n-1)\left(\frac{1}{R_{1}}-\frac{1}{R_{2}}\right)
\]

where \( R_{1}, R_{2} \) are the radii of curvature of the two surfaces of the lens. Since \( f(n-1)= \) constant, we have:

\[
\frac{\delta f}{f}+\frac{\delta n}{n-1}=0
\]

The quantity \( \frac{\delta n}{n-1}=\Delta \) is called the relative dispersion of the lens material. Try to find the condition for two closely combined lenses to be achromatic.

Using the formula to find the relationship of changes in a dispersive system:

\[
\frac{\delta f}{f^{2}}=\frac{\delta f_{1}}{f_{1}^{2}}+\frac{\delta f_{2}}{f_{2}^{2}}
\]","Therefore,

\[
\frac{\delta f}{f^{2}}=\frac{\delta f_{1}}{f_{1}^{2}}+\frac{\delta f_{2}}{f_{2}^{2}} \tag{2}
\]",\boxed{\Delta_1 f_1^2 + \Delta_2 f_2^2 = 0},EQ,,False,EN,
5173,Electromagnetism,Geometrical Optics,Imaging of Light,"The diameter of the objective lens of an astronomical telescope is 18 cm, with a transmission coefficient of 0.50. It is known that the naked eye can directly observe sixth magnitude stars. What is the highest magnitude of stars that can be observed with this telescope? (Note: With each increase in magnitude, the brightness decreases to \(1 / \sqrt[5]{100} \approx 1 / 2.5\).)","In this problem, the celestial body should be treated as a point light source, and the brightness of the image point on the retina directly depends on the total luminous flux entering the eye pupil. Without the telescope, the luminous flux entering the eye pupil is

\[ 
\Delta \Phi_{e} \propto D_{e}^{2} 
\]

With the telescope, the luminous flux entering the objective lens is

\[ 
\Delta \Phi \propto D^{2} 
\]

Considering the transmission coefficient \(k\) of the system, the luminous flux passing through the exit pupil is reduced to

\[ 
\Delta \Phi^{\prime}=k \Delta \Phi \propto k D^{2} 
\]

When \( D^{\prime} < D_{e} \), it is evident that all the luminous flux passing through the telescope's exit pupil enters the eye pupil. Therefore, at this time

\[ 
\frac{\Delta \Phi^{\prime}}{\Delta \Phi_{e}}=k\left(\frac{D}{D_{e}}\right)^{2}=0.50 \times\left(\frac{18}{0.3}\right)^{2}=1800 
\]

According to the astronomical magnitude classification standard, at this point, the highest magnitude (faintest star) observable is

\[ 
N=N_{0}+\log _{2.5} 1800=6+8=14 \text{ (magnitude)} 
\]

where \(N_{0}\) is the highest magnitude visible to the naked eye, which is 6.",\boxed{14},NV,,False,EN,Practical Application
5180,Electromagnetism,Geometrical Optics,Reflection and Refraction of Light,"The refractive index \( n \) of an optical fiber is distributed radially as \( n^{2} = n_{0}^{2}\left(1 - \alpha^{2} r^{2}\right) \), where \( n_{0} \) is the refractive index at the center, and \( \alpha \) is a positive number much smaller than 1. Derive the spatial period of light propagation within the fiber and analyze the case of small angle incidence.","The path of the light ray is sinusoidal, with a spatial period of 

\[ 
T = \frac{2 \pi \sin \theta_{0}}{\alpha} 
\]

For light rays incident from different directions, \( \theta_{0} \) varies, and so does \( T \). For light rays incident at small angles into the fiber layer, \( \theta_{0} \approx \frac{\pi}{2}, \sin \theta_{0} \approx 1 \), they have approximately the same spatial period \( T = \frac{2 \pi}{\alpha} \). Light rays incident at small angles within the fiber exhibit a self-focusing effect, as shown in Figure 2.",\boxed{\frac{2 \pi}{\alpha}},NV,,False,EN,Math Derivation
5188,Electromagnetism,Geometrical Optics,Reflection and Refraction of Light,A concave mirror with a focal length of $f_0 = 20 \mathrm{~cm}$ is filled with water $(n=4/3)$. Determine the focal length $f_b$ of the mirror after being filled with water.,"In water, the relationship between the object distance $y$ and the image distance $y^{\prime}$ is given by:
$$
y^{\prime}=\frac{n^{\prime}}{n} y
$$
where $n=\frac{4}{3}$ and $n^{\prime}=1$. According to the problem, set $y=f_{0}=20 \mathrm{~cm}$, thus $y^{\prime}=15 \mathrm{~cm}$.",\boxed{f_b = 15},NV,\mathrm{cm},False,EN,Laws Application
5192,Electromagnetism,Geometrical Optics,Imaging of Light,"In an optical system with spherical refraction, the radius of the sphere is \( r \), and the refractive indices on either side of the sphere are \( n_1 \) and \( n_2 \) \((n_1 < n_2)\). There is a point light source at point \( Q \) on the optical axis, at a distance \( s \) from the vertex \( O \) of the spherical surface. There is another arbitrary point \( Q' \), at a distance \( s' \) from point \( O \). Under paraxial conditions, which rays emanating from \( Q \) can reach \( Q' \)? If \( Q' \) is the image point of \( Q \), which optical paths satisfy the extremum condition?","According to Fermat's principle, light travels along a path where the optical path length is an extremum. Choose a light ray \( QM \), which after refraction at the spherical surface reaches \( Q' \). The angle between line \( M \) and the center \( C \) is \( \theta \). The existence of the light ray \( QMQ' \) depends on whether the optical path length \( L \) is an extremum, with the expression for path length \( L \) given by:

$$
L = n_1 \overline{QM} + n_2 \overline{MQ'}
$$

Using the cosine law and paraxial conditions, we obtain:

$$
\overline{QM} \approx s + \frac{r(s+r)}{2s} \theta^2
$$

$$
\overline{MQ'} \approx s' - \frac{r(s' - r)}{2s'} \theta^2
$$

Thus, the optical path \( L \) is:

$$
L = n_1 \left[ s + \frac{r(s+r)}{2s} \theta^2 \right] + n_2 \left[ s' - \frac{r(s'-r)}{2s'} \theta^2 \right]
$$

The condition for the optical path \( L \) to be an extremum is:

$$
\frac{\mathrm{d} L}{\mathrm{d} \theta} = r\theta \left( n_1 \frac{s+r}{s} - n_2 \frac{s' - r}{s'} \right) = 0
$$

Therefore, the rays that satisfy the condition are those where \( \theta = 0 \), meaning the light travels along the principal optical axis; and also \( \theta \neq 0 \), but simultaneously satisfies:

$$
n_1 \frac{s+r}{s} - n_2 \frac{s' - r}{s'} = 0
$$

Solving gives:

$$
\frac{n_1}{s} + \frac{n_2}{s'} = \frac{n_2 - n_1}{r}
$$

This is the spherical refraction imaging formula (under paraxial conditions), when \( Q' \) is the image point of \( Q \), the optical path for \( \theta \neq 0 \) satisfies the extremum condition, and all light rays emanating from point \( Q \) can refract and reach \( Q' \).",\boxed{\frac{n_1}{s} + \frac{n_2}{s'} = \frac{n_2 - n_1}{r}},EQ,,False,EN,Math Derivation
5198,Electromagnetism,Geometrical Optics,Imaging of Light,"There is a thin plano-convex lens with a convex surface radius of curvature \( R = 30 \text{ cm} \). It is known that when using paraxial rays, if the plane of this lens is silvered, its function is equivalent to a concave mirror with a focal length of 30 cm. Verify that if the plane of this lens is not silvered, the equivalent focal length of the lens is 60 cm.","Solution 2: The condition given in the problem: ""if the plane of this lens is silvered, its function is equivalent to a concave mirror with a focal length of 30 cm."" As mentioned earlier, this indicates that the silvered plane lens is equivalent to a spherical mirror with a radius of curvature of 60 cm. Using Figure 1, imagine a paraxial ray is emitted from the point \( C_1 \). After refraction by the spherical surface, it becomes parallel to the principal optical axis, and due to the silvered plane, it will return along its original path. If the plane is not silvered, this ray will continue forward parallel to the principal axis. Other paraxial rays emitted from \( C_1 \) behave similarly. Therefore, if the plane is not silvered, the paraxial rays emitted from \( C_1 \) become parallel after passing through the thin lens. \( C_1 \) is thus the focal point, with a focal length

\[
f = 60 \text{ cm} \tag{7}
\]",\boxed{60},NV,,False,EN,Laws Application
5224,Electromagnetism,Geometrical Optics,Reflection and Refraction of Light,"The refractive index of air above the airport runway varies with height according to the following equation:

$$
n = n_{0}(1 + \alpha y)
$$

where $\alpha = 1.5 \times 10^{-6} \, \mathrm{m}^{-1}$, and $n_{0}$ is the refractive index of air at ground level. A person standing on the runway has their eyes at a height of $h = 1.7 \, \mathrm{m}$ above the ground. Using the already obtained ray trajectory equation, determine the furthest distance on the runway that the observer can see.","When $y = h$, we have

$$
d = \sqrt{\frac{2 h}{\alpha}} = 1.5 \times 10^{3} \, \mathrm{m}
$$

This means that the furthest point on the runway that a person with eyes at a height of 1.7 m can see is 1500 m away from them; beyond this distance, it is not visible.",\boxed{1500},NV,\mathrm{m},False,EN,Practical Application
5246,Electromagnetism,Geometrical Optics,Imaging of Light,Calculate the depth of focus for a $5 \times$ magnifying glass or eyepiece.,"The working distance of a magnifying glass (or eyepiece) is such that the object is placed within a small range located slightly inside the first focal point. This is to form a magnified virtual image at a distance of clear vision $s_{0}$ or further for observation by a normal human eye. The so-called ""depth of focus"" refers to the aforementioned small longitudinal interval $\Delta x$, which is also the object distance corresponding to the distance of clear vision. Let the image distance $x^{\prime} = -(s_{0} + f)$, and by Newton’s formula, we have

$$
x = \frac{f^{2}}{x^{\prime}} = -\frac{f^{2}}{s_{0} + f}
$$

It's known that the angular magnification $M = s_{0} / f$, substituting the focal length $f$ into the above equation yields

$$
x = -\frac{s_{0}}{M(M+1)}
$$

The depth of focus is

$$
\Delta x = |x| = \frac{s_{0}}{M(M+1)}
$$

Thus, we calculate

$$
M=5 \times, \Delta x=0.83 \mathrm{~cm}
$$",\boxed{0.83},NV,\text{cm},False,EN,Knowledge Recall
5255,Electromagnetism,Geometrical Optics,Imaging of Light,Calculate the depth of focus for a $2 \times$ magnifying glass or eyepiece.,"The working distance of a magnifying glass (or eyepiece) is such that the object is located slightly inside the vicinity of the first focal point. This ensures the formation of a magnified virtual image at the near point distance $s_{0}$ or beyond for observation by the normal human eye. The so-called ""depth of focus"" refers to the longitudinal range $\Delta x$ of the aforementioned small region, which also corresponds to the object distance relative to the near point distance. Setting the image distance $x^{\prime} = -(s_{0} + f)$, and using Newton's lens equation, we get:

$$
x = \frac{f^{2}}{x^{\prime}} = -\frac{f^{2}}{s_{0} + f}
$$

It's known that the angular magnification $M = s_{0} / f$, substituting the focal length $f$ in the above equation gives:

$$
x = -\frac{s_{0}}{M(M+1)}
$$

Thus, the depth of focus is:

$$
\Delta x = |x| = \frac{s_{0}}{M(M+1)}
$$

Calculating this gives:

$$
M=2 \times, \Delta x = 4.17 \mathrm{~cm}
$$",\boxed{4.17},NV,\text{cm},False,EN,Laws Application
5260,Electromagnetism,Geometrical Optics,Imaging of Light,"An object is placed at the focal point of a diverging lens which coincides with the back of a converging lens, 5 cm away. Find the size and nature (real or virtual, erect or inverted) of the final image formed by the diverging lens.","For the second lens (the diverging lens), the object distance \( s_2 = \infty, \ f_2 = -15 \ \text{cm} \). According to the Gaussian lens formula,

\[
\frac{1}{f_2} = \frac{1}{s_2^{\prime}} + \frac{1}{s_2} \quad \Rightarrow \quad s_2^{\prime} = f_2 = -15 \ \text{cm}
\]

Therefore, the position of the image coincides with the position of the object. The size and characteristics of the image are:

Using Newton's formula \( xx^{\prime} = ff^{\prime} \), we have

\[
x^{\prime} = \frac{ff^{\prime}}{x} = -22.5 \ \text{cm}
\]

The lateral magnification ratio \(\beta = -\frac{x^{\prime}}{f^{\prime}} = -\frac{f}{x} = 1.5\) (times), meaning the image is a virtual, upright image magnified 1.5 times.",\boxed{1.5},NV,,False,EN,Practical Application
5263,Electromagnetism,Geometrical Optics,Imaging of Light,"There are two convex lenses with focal lengths of $f_{1}$ and $f_{2}$, respectively. By appropriately configuring these two lenses, a small object perpendicular to the optical axis can form an equal-sized, inverted image at its original position. Given all the conditions, now consider $f_{1}$ and $u_{1}$ as known. Find $f_{2}$ and $d$ such that the small object forms an equal-sized, inverted image at its original position.","The same analysis can be given, resulting in the following expressions:

\[
d=\frac{2 f_{1} u_{1}}{u_{1}-2 f_{1}}, \quad f_{2}=\left(\frac{u_{1}}{u_{1}-2 f_{1}}\right)^{2} f_{1}
\]","\boxed{d=\frac{2 f_{1} u_{1}}{u_{1}-2 f_{1}}, f_{2}=\left(\frac{u_{1}}{u_{1}-2 f_{1}}\right)^{2} f_{1}}",EQ,,True,EN,Math Derivation
5269,Electromagnetism,Geometrical Optics,Imaging of Light,"In an optical system composed of two lenses, it is known that the focal length of the second lens is \( f_{2} = -10 \, \mathrm{cm} \). If the image distance formed by the first lens is \( \infty \), determine the image distance formed by the second lens and the size of this inverted virtual image.","For the second lens, we have

\[
u_{2} = \infty, \quad f_{2} = -10 \, \mathrm{cm}
\]

Therefore,

\[
v_{2} = f_{2} = -10 \, \mathrm{cm}
\]

This means the image is located 10 cm to the left of the second lens, indicating an inverted virtual image. The size of the image is

\[
l_{2} = \left| \frac{f_{2}}{f_{1}} \right| l_{1} = 0.5 \, \mathrm{cm}
\]","\boxed{v_{2} = -10, l_{2} = 0.5}","NV, NV","\mathrm{cm}, \mathrm{cm}",True,EN,Laws Application
5273,Electromagnetism,Geometrical Optics,Imaging of Light,"The diameter of the telescope's objective lens is \(75 \, \text{mm}\), and the diameter of the eye's pupil is \(3.0 \, \text{mm}\). When the magnification is 20 times, find the ratio of the subjective brightness of the image of the moon in the telescope to the natural subjective brightness.","Consider the situation when \(D_{e}=3.0 \, \text{mm}\) and \(D=75 \, \text{mm}\):

When \(M=20\), we have

\[ 
D^{\prime} = \frac{D}{M} = 3.75 \, \text{mm} > D_{e} = 3.0 \, \text{mm} 
\]

In this case,

\[ 
\frac{H_{0}}{H} = 1 
\]",\boxed{1},NV,,False,EN,Laws Application
5298,Electromagnetism,Geometrical Optics,Imaging of Light,"The diameter of the objective lens of a telescope is \(75 \, \text{mm}\), and the diameter of the pupil of the eye is \(3.0 \, \text{mm}\). Find the ratio of the subjective brightness of the image of the moon as seen through the telescope to the natural subjective brightness, when the telescope's magnification is 50 times.","Consider the situation when \(D_{e}=3.0 \, \text{mm}\) and \(D=75 \, \text{mm}\):

When \(M=50\), we have

\[ 
D^{\prime} = \frac{D}{M} = 1.5 \, \text{mm} < D_{e} 
\]

At this point,

\[ 
\frac{H_{0}}{H} = \left(\frac{D_{e} M}{D}\right)^{2} = \left(\frac{3.0 \times 50}{75}\right)^{2} = 4.0 
\]",\boxed{4.0},NV,,False,EN,Knowledge Recall
5301,Electromagnetism,Geometrical Optics,Reflection and Refraction of Light,"A spherical glass container is filled with water, with a refractive index of $n$. Observe an object at the center of the sphere from the outside and determine the magnification of the object. Assume the thickness of the glass container walls is negligible.","Applying the principle of paraxial light refraction, using the refractive index $n$, it can be expressed as $ni = i^{\prime}$. Using a ray diagram method, object point $A$ emits a beam of light $AO$, which refracts at point $O$. The backward extension of the refracted light intersects the extension line of object point $A$ at $A^{\prime}$. The image length is $A^{\prime}C$.\\
The magnification $\beta = \frac{A^{\prime}C}{AC} = \frac{R i^{\prime}}{R i} = n$.\\",\boxed{n},NV,,False,EN,
5308,Electromagnetism,Geometrical Optics,Imaging of Light,Calculate the depth of focus for a $3 \times$ magnifying glass or eyepiece.,"The working distance of a magnifying glass (or eyepiece) is such that the object is positioned near the first focal point within a slightly inward small range, thus forming an enlarged virtual image at a distance of distinct vision $s_{0}$ or beyond for normal eye observation. The so-called ""depth of focus"" refers to the aforementioned small range longitudinal interval $\Delta x$, which is exactly the object distance corresponding to the distance of distinct vision. Let the image distance be $x^{\prime} = -(s_{0} + f)$, then according to Newton's formula:

$$
x = \frac{f^{2}}{x^{\prime}} = -\frac{f^{2}}{s_{0} + f}
$$

It can be understood that the angular magnification $M = s_{0} / f$, substituting the focal length $f$ in the above equation gives:

$$
x = -\frac{s_{0}}{M(M+1)}
$$

The depth of focus is:

$$
\Delta x = |x| = \frac{s_{0}}{M(M+1)}
$$

Thus, we calculate

$$
M=3 \times, \Delta x=2.08 \mathrm{~cm}
$$",\boxed{2.08},NV,\mathrm{cm},False,EN,Laws Application
5311,Electromagnetism,Geometrical Optics,Imaging of Light,An elderly person can see objects clearly from 100 cm to 300 cm. The eye is simplified as a simple lens 2.0 cm away from the retina. What focal length of lens is needed for them to see objects clearly at 25 cm?,"To see an object at \( u = 25 \mathrm{~cm} \) clearly, we have

\[
\Phi = \frac{1}{u} + \frac{1}{v} = \frac{1}{0.25} + \frac{1}{0.02} = 54 \text{ (diopters)}
\]

And

\[
\Phi_{\text{lens}} = \Phi - \Phi_{\text{eye}} = 54 - \frac{1}{0.0196} = 3 \text{ (diopters)}
\]

Or

\[
f_{\text{lens}} = \frac{1}{\Phi_{\text{lens}}} = \frac{1}{3} \mathrm{~m} = 33 \mathrm{~cm}
\]",\boxed{33},NV,\mathrm{~cm},False,EN,Practical Application
5313,Electromagnetism,Geometrical Optics,Imaging of Light,"The diameter of the objective lens of an astronomical telescope is 18 cm, with a light transmission factor of 0.50. It is known that the naked eye can directly observe stars of the sixth magnitude. When the magnification is 10 times, what is the magnitude of the star that can be seen? Assume the diameter of the eye's pupil can be 3.0 mm. (Note: As the star magnitude increases by one level, its brightness reduces to $1 / \sqrt[5]{100} \approx 1 / 2.5$)","If the magnification is too small such that $D^{\prime}>D_{e}$, obviously only a portion of the light flux passing through the exit pupil of the telescope enters the eye pupil, proportionally given by

$$
\Delta \Phi^{*} \propto k\left(\frac{D_{e}}{D^{\prime}}\right)^{2} D^{2}
$$

Thus,

$$
\frac{\Delta \Phi^{\prime \prime}}{\Delta \Phi_{e}}=k M^{2}
$$

When the magnification of the telescope $M=10$, $D^{\prime}=D / 10=18 \text{ mm}>D_{e}$, according to the above formula,

$$
\frac{\Delta \Phi^{\prime \prime}}{\Delta \Phi_{e}}=50
$$

At this point, the magnitude of the observable star is

$$
N^{\prime}=N_{0}+\log _{2.5} 50=6+4.3 \approx 10 \text{ (magnitude)}
$$",\boxed{10},NV,,False,EN,Practical Application
5327,Electromagnetism,Geometrical Optics,Imaging of Light,A glass sphere with a radius of 2.00 cm and a refractive index of 1.500 is placed in air. Find the focal length $f_{2}$ and the virtual focal length $f_{2}^{\prime}$ of the second spherical surface of the glass sphere.,"The glass sphere consists of two refracting spherical surfaces, each with its individual focal length and virtual focal length. For the second spherical surface, the focal length and virtual focal length are:

\[
\begin{aligned}
f_{2} & = 6.00 \, \text{cm}, \\
f_{2}^{\prime} & = 4.00 \, \text{cm}.
\end{aligned}
\]","\boxed{f_{2} = 6.00, f_{2}^{\prime} = 4.00}",EQ,"\text{cm}, \text{cm}",True,EN,Laws Application
5328,Electromagnetism,Geometrical Optics,Imaging of Light,"A linear object with a length of 5.0 mm is placed 50 cm in front of a camera, perpendicular to the optical axis. An image of this object is formed on the film with a height of 1.0 mm. If the film is moved backward by 1.0 cm, the width of the blur circle of the image becomes 1.0 mm. Find the $F$-number of the camera.","The $F$-number of the camera is the reciprocal of the relative aperture $F = \frac{1}{D/f}$, where $D$ is the aperture diameter, and $f$ is the focal length of the lens. Using the lens formula, we have:

$$
\left\{\begin{array}{l}  
\frac{1}{s^{\prime}}+\frac{1}{s}=\frac{1}{f} \\  
\beta=\frac{y^{\prime}}{y}=\frac{s^{\prime}}{s}  
\end{array}\right.  
$$

Given $s = 50 \, \mathrm{cm}, \quad y = 5.0 \, \mathrm{mm}, \quad y^{\prime} = 1.0 \, \mathrm{mm}$

Solving gives:

$$  
s^{\prime} = 10 \, \mathrm{cm}, \quad f = \frac{50}{6} \approx 8.33 \, \mathrm{cm}  
$$

According to the geometric relations in the diagram:

$$  
\frac{D}{s^{\prime}} = \frac{0.10}{\Delta}, \quad D = \frac{0.10}{\Delta} \cdot s^{\prime} = \frac{0.10}{1.0} \times 10 = 1.0 \, \mathrm{cm}  
$$

Therefore:

$$  
F = \frac{1}{D/f} = 8.33  
$$",\boxed{8.33},NV,,False,EN,Practical Application
5340,Electromagnetism,Geometrical Optics,Imaging of Light,"There is a thin plano-convex lens with a convex surface radius of curvature \( R = 30 \mathrm{~cm} \). When using paraxial rays for imaging, if the convex surface of this lens is silvered, its effect is equivalent to a concave mirror. Find the focal length of the equivalent concave mirror in this situation.","When the convex surface of the lens is silvered, the light path is as shown in Figure 2. Based on the previous analysis, in this case, it is only necessary to find the equivalent center of curvature to determine the focal length \( f \).

From any paraxial point \( A \) on the convex surface, draw a line perpendicular to the spherical surface pointing towards the center of curvature \( C_{1} \). After this line is refracted at point \( B \) on the plane, it intersects the principal axis at \( C_{2} \).

Let \( C_{2} O = r \), and according to the law of refraction under paraxial conditions,

\[
n i = i^{\prime} \tag{4}
\]

For a thin lens,

\[
i = \frac{h}{R}, \quad i^{\prime} = \frac{h}{r}
\]

Substituting into the above equation, we get

\[
r = \frac{R}{n} \tag{5}
\]

Due to the reversibility of light paths, in Figure 2, light emitted from \( C_{2} \) undergoes plane refraction, spherical reflection, and then plane refraction again, returning to point \( C_{2} \). Thus, \( C_{2} \) is the center of curvature for the equivalent concave mirror. Therefore, the focal length of the equivalent concave mirror can be obtained as

\[
f_{1} = \frac{r}{2} = \frac{R}{2 n} = 10 \mathrm{~cm} \tag{6}
\]",\boxed{10},NV,\mathrm{cm},False,EN,Laws Application
5349,Electromagnetism,Geometrical Optics,Imaging of Light,A glass sphere with a radius of 2.00 cm and a refractive index of 1.500 is placed in the air. Find the focal length $f_{1}$ and the virtual focal length $f_{1}^{\prime}$ of the first surface of the glass sphere.,"The glass sphere is composed of two spherical surfaces that refract light separately. The focal length and virtual focal length are calculated for each surface individually. For the first surface, the focal length and virtual focal length are:

\[
\begin{aligned}
f_{1} & = 4.00 \, \text{cm}, \\
f_{1}^{\prime} & = 6.00 \, \text{cm}.
\end{aligned}
\]","\boxed{4.00, 6.00}","NV, NV","\text{cm}, \text{cm}",True,EN,Laws Application
5361,Electromagnetism,Geometrical Optics,Imaging of Light,"In an optical system composed of two lenses, the focal length of the first lens is known to be $f_{1}$, and there is an object placed on its principal axis with an effective object distance of $u_{1} = 20 \,\mathrm{cm}$. Use the relationship between object distance and focal length for the first lens to calculate the image distance in this system.","Since $u_{1}$ is equal to $f_{1}$, it follows that $v_{1} = \infty$.",\boxed{v_{1} = \infty},EQ,,False,EN,Laws Application
5364,Electromagnetism,Geometrical Optics,Imaging of Light,"Two coaxial convex lenses \(L_{1}\) and \(L_{2}\) form an optical system, with a separation of \(d\) between them. Their focal lengths are denoted as \(f_{1}\) and \(f_{2}\). What condition should the incident light ray satisfy in order for the outgoing ray corresponding to it to be parallel to the incident ray?","Let the angle between the incident light ray \(AB\) and the optical axis be \(\alpha\). After refraction through \(L_{1}\), it travels along \(BC\) towards \(L_{2}\), and after refraction through \(L_{2}\), it exits along \(CD\), as shown in Figure 1. The points where the light rays intersect the optical axis are \(p, p^{\prime}\), and \(p^{\prime \prime}\). Assume \(p\) is the object point, \(p^{\prime}\) is the image formed by \(L_{1}\) from \(p\), and \(p^{\prime \prime}\) is the image formed by \(L_{2}\) from \(p^{\prime}\). The object-image distance relationships in Figure 1 are given as follows:

\[
\frac{1}{u_{1}}+\frac{1}{v_{1}}=\frac{1}{f_{1}} \tag{1}
\]
\[
\frac{1}{u_{2}}+\frac{1}{v_{2}}=\frac{1}{f_{2}} \tag{2}
\]
\[
d=u_{2}+v_{1} \tag{3}
\]

When the outgoing light ray \(CD\) is parallel to the incident light ray \(AB\), we have \(\alpha^{\prime}=\alpha\). Using the relationship of similar triangles:

\[
\frac{h^{\prime}}{h}=\frac{v_{2}}{u_{1}}, \quad \frac{h^{\prime}}{h}=\frac{u_{2}}{v_{1}}
\]

<image 1>

Figure 1  
We obtain

\[
\frac{v_{2}}{u_{1}}=\frac{u_{2}}{v_{1}} \tag{4}
\]

Here, \(h\) and \(h^{\prime}\) are the distances from the positions where the light ray strikes each lens \(L_{1}\) and \(L_{2}\) to the optical axis, respectively, as shown in Figure 1. Solving equations (1), (2), (3), and (4) by eliminating \(v_{1}\), \(u_{2}\), and \(v_{2}\), we find:

\[
u_{1}=\frac{f_{1} d}{d-\left(f_{1}+f_{2}\right)} \tag{5}
\]

Substituting into equation (3) gives:

\[
d=\left(1+\frac{f_{2}}{f_{1}}\right) v_{1}, \quad \text {i.e. } v_{1}=\frac{f_{1} d}{f_{1}+f_{2}} \tag{6}
\]

Substituting equation (6) into equation (1) we obtain:

\[
u_{1}=\frac{f_{1} v_{1}}{v_{1}-f_{1}}=\frac{f_{1}^{2} d}{f_{1} d-f_{1}^{2}-f_{1} f_{2}}=\frac{f_{1} d}{d-\left(f_{1}+f_{2}\right)} \tag{7}
\]

Since \(d\), \(f_{1}\), and \(f_{2}\) are given, \(u_{1}\) is a determined value. This indicates that if the outgoing light ray is parallel to the incoming ray, the incident ray must pass through a fixed point on the optical axis, at a distance \(u=f_{1} d /\left(d-f_{1}-f_{2}\right)\) to the left of \(L_{1}\). Furthermore, since \(u_{1}\) is independent of the angle \(\alpha\), any ray passing through this point towards \(L_{1}\) will be parallel to its corresponding outgoing ray.",\boxed{u = \frac{f_{1} d}{d-(f_{1}+f_{2})}},EX,,False,EN,Math Derivation
5369,Electromagnetism,Geometrical Optics,Imaging of Light,"Determine the normal magnification of a microscope with a numerical aperture \( NA = 1.5 \), assuming the pupil diameter is 3.0 mm.","The relationship between the numerical aperture of the microscope, magnification, and the diameter of the exit pupil is given by

\[
D' = 2 S_0 \frac{NA}{|M|}
\]

where \( S_0 \) is the standard vision distance of \( 250 \, \text{mm} \), and \( D' \) is the diameter of the microscope's exit pupil. When the exit pupil is reasonably designed to equal the size of the human pupil, the magnification \( M \) is

\[
M = 2 S_0 \frac{NA}{D_e} = \frac{2 \times 250 \times 1.5}{3.0} = 250 \text{ times}
\]",\boxed{250},NV,,False,EN,Practical Application
5376,Electromagnetism,Geometrical Optics,Imaging of Light,"Given the known condition of the lens focal length chromatic aberration with respect to different spectral bands as expressed above, derive the condition for eliminating the focal length chromatic aberration of the lens in all spectral bands.","We have

$$
\partial f(n-1)\left[\left(R_{1} + R_{2}\right) - \frac{d}{n}(n-1)\right] + f\left[\partial n\left(R_{1} + R_{2}\right) - \frac{2(n-1) n - (n-1)^{2}}{n^{2}} d \partial n\right] = 0
$$

For all spectral bands, the achromatic condition requires $\delta f = 0$, hence

$$
\left(R_{1} + R_{2}\right) - d \frac{n^{2} - 1}{n^{2}} = 0
$$

or

$$
d = n^{2} \frac{R_{1} + R_{2}}{n^{2} - 1}
$$",\boxed{d = n^{2} \frac{R_{1} + R_{2}}{n^{2} - 1}},EQ,,False,EN,Math Derivation
5399,Electromagnetism,Geometrical Optics,Imaging of Light,"There is a thin lens made of flint glass ($n_{2}=1.6202, v_{2}=36.2$), which is part of a plano-convex achromatic objective lens with a focal length of 1 meter. Find the radius of curvature of the spherical surface of this lens.","According to the achromatic condition and the focal length formula, the focal length of the flint glass thin lens is $f_2 = -66.4 \, \mathrm{cm}$. For the plano-convex system, it is known that $r_{1}^{\prime}=r_{2}$ and $r_{2}^{\prime}=\infty$. Therefore, the second lens is formed by a sphere with a radius $(-r_{2})$ and a plane with $r=\infty$.",\boxed{-66.4},NV,\mathrm{cm},False,EN,Laws Application
5404,Electromagnetism,Geometrical Optics,Reflection and Refraction of Light,"A semiconductor gallium arsenide light-emitting diode has a light-emitting area consisting of a disc with a diameter of \(d=3 \, \text{mm}\). This light-emitting surface is covered with a hemispherical medium with a refractive index of \(n=3.4\). The question is: What should be the minimum radius \(R\) of the hemispherical medium to ensure that light rays within the light-emitting disc do not experience total internal reflection on the spherical surface?","Due to the spherical symmetry, we only need to consider a cross-section through the center of the sphere. Let \(AB\) be a diameter of the light-emitting disc within this cross-section. Consider a light ray \(B_{1}P_{1}\) emitted from a point \(B_{1}\) on this diameter at a distance \(r\) from the center, which strikes at an incident angle \(\theta_{1}\). Considering \(\triangle P_{1}OB_{1}\), by the law of sines:

\[
\frac{\sin \theta_{1}}{r} = \frac{\sin \varphi_{1}}{R}
\]

Thus:

\[
\sin \theta_{1} = \frac{r}{R} \sin \varphi_{1}
\]

This equation indicates that the incident angle \(\theta_{1}\) reaches its maximum \(\left(\theta_{1}\right)_{\text{max}}\) when \(\varphi_{1} = \frac{\pi}{2}\).

Comparing the maximum incident angles for different luminous points on \(AB\), the light rays emitted perpendicularly to \(AB\) from point \(B\), labeled \(BP\), have the maximum incident angle. Therefore:

\[
\begin{aligned}
\sin \left(\theta_{1}\right)_{\text{max}} & = \frac{r}{R}, \quad r \leqslant \frac{d}{2} \\
\sin \theta_{\max} & = \frac{d/2}{R} = \frac{d}{2R}
\end{aligned}
\]

To prevent total internal reflection, we must have:

\[
\sin \theta_{\max} < \sin \theta_{\mathcal{C}}
\]

Thus:

\[
\begin{gathered}
\frac{d}{2R} < \frac{1}{n} \\
R > \frac{1}{2}nd = 5.1 \, \text{mm}
\end{gathered}
\]

Therefore, the radius of the hemispherical medium must be greater than 5.1 mm to ensure that the light emitted from the disc does not undergo total internal reflection.","\boxed{(5.1, \infty)}",IN,\text{mm},False,EN,Practical Application
5412,Electromagnetism,Geometrical Optics,Imaging of Light,"A glass sphere with a radius of 2.00 cm and a refractive index of 1.500 is placed in the air, forming a coaxial optical system composed of two spherical surfaces. The distance between the two surfaces is $d = 4.00 \, \text{cm}$. Calculate the optical path difference $\Delta$ between the two focal planes.","The optical path difference $\Delta$ between the focal planes is calculated as follows:

\[
\begin{aligned}
\Delta = -\overline{F_{1}^{\prime}F_{2}} = -8.00 \, \text{cm}.
\end{aligned}
\]",\boxed{-8.00},NV,\text{cm},False,EN,Practical Application
5422,Electromagnetism,Geometrical Optics,Imaging of Light,"Two thin convex lenses \( L_{1} \) and \( L_{2} \) have focal lengths \( f_{1} \) and \( f_{2} \), respectively, and are placed at a distance \( d \) apart on an optical bench. What condition must the incident light meet for it to emerge parallel to the incident beam?","In the light path diagram shown in Figure 1, the incident light \( AB \) is refracted by lens \( L_{1} \), travels along \( BC \) towards lens \( L_{2} \), and is then refracted along \( CD \). The points where \( AB\), \( BC\), and \( CD \) intersect the principal axis of the lenses are denoted as \( P\), \( P_{1}\), and \( P_{2}\), respectively. If \( P \) is the object point, then \( P_{1} \) is the image formed by \( L_{1} \) of point \( P \), and \( P_{2} \) is the image formed by \( L_{2} \) of point \( P_{1} \). Therefore, the relationship is given as

<image 1>

Figure 1, \( d>f_{1}+f_{2} \)

\[
\frac{1}{u_{1}}+\frac{1}{v_{1}}=\frac{1}{f_{1}} \quad (1)
\]

\[
\frac{1}{u_{2}}+\frac{1}{v_{2}}=\frac{1}{f_{2}} \quad (2)
\]

\[ 
d=v_{1}+u_{2} \quad (3)
\]

When the incident light rays \( PB \) are parallel to the emergent light rays \( CP_{2} \), then

\[
\alpha=\alpha^{\prime} \quad (4)
\]

From Figure 1, we derive

\[
\frac{h^{\prime}}{h}=\frac{v_{2}}{u_{1}}, \quad \frac{h^{\prime}}{h}=\frac{u_{2}}{v_{1}} \quad (5)
\]

Thus,

\[
v_{1} v_{2}=u_{1} u_{2} \quad (6)
\]

By combining equations (1), (2), (3), and (6), we aim to eliminate \( v_{1}\), \( v_{2}\), and \( u_{2}\).  
Multiply both sides of equation (1) by \( v_{1} \) and equation (2) by \( u_{2} \), resulting in

\[
\frac{v_{1}}{u_{1}}+1=\frac{v_{1}}{f_{1}} \quad (7)
\]

\[
1+\frac{u_{2}}{v_{2}}=\frac{u_{2}}{f_{2}} \quad (8)
\]

Equation (6) becomes

\[
\frac{v_{1}}{u_{1}}=\frac{u_{2}}{v_{2}} \quad (9)
\]

Combine equations (7), (8), and (9) to obtain

\[
u_{2}=\frac{f_{2}}{f_{1}} v_{1} \quad (10)
\]

By combining equations (3) and (10), we get

\[
v_{1}=\frac{f_{1} d}{f_{1}+f_{2}} \quad (11)
\]

Combining equations (1) and (11), we obtain

\[
u_{1}=\frac{f_{1} v_{1}}{v_{1}-f_{1}}=\frac{f_{1}^{2} d}{f_{1} d-f_{1}^{2}-f_{1} f_{2}}=\frac{f_{1} d}{d-\left(f_{1}+f_{2}\right)} \quad (12)
\]

Since \( d\), \( f_{1}\), and \( f_{2} \) are given, \( u_{1} \) is a determined value. This result indicates that if the incident and emergent light rays are parallel, the incident light must pass through a specific point on the principal axis, located to the left of \( L_{1} \), at a distance of

\[ 
u_{1}=\frac{f_{1} d}{d-\left(f_{1}+f_{2}\right)}
\]

Since \( u_{1} \) is independent of \( \alpha \), any incident light passing through this point towards \( L_{1} \) will be parallel to its corresponding emergent light.",\boxed{u_{1}=\frac{f_{1} d}{d-\left(f_{1}+f_{2}\right)}},EX,,False,EN,Math Derivation
5423,Electromagnetism,Geometrical Optics,Imaging of Light,"A glass sphere with a radius of 2.00 cm and a refractive index of 1.500 is placed in the air. It forms a coaxial optical system with two spherical surfaces. The distance between the two surfaces is given as \(d = 4.00 \, \text{cm}\). Find the overall focal length \(f\) and the virtual focal length \(f^{\prime}\) of the glass sphere system.","Using the formula for the overall focal length of the system, the focal length and virtual focal length are:

\[
\begin{aligned}
f & = -\frac{f_{1} f_{2}}{\Delta} = 3.00 \, \text{cm}, \\
f^{\prime} & = -\frac{f_{1}^{\prime} f_{2}^{\prime}}{\Delta} = 3.00 \, \text{cm}.
\end{aligned}
\]","\boxed{f = 3.00, f^{\prime} = 3.00}",EQ,"\text{cm}, \text{cm}",True,EN,Practical Application
5425,Electromagnetism,Geometrical Optics,Imaging of Light,"Take a point $F$ on the principal axis outside of a lens such that $\overline{O F}=f$. When parallel light is incident along the principal axis, what is the distance between the lens vertex $A$ and the point $O$?","The position of the lens vertex $A$, denoted as $x_{A}$, should satisfy

$$
\begin{gathered}
(n^{2}-1)(x_{A}-x_{0})^{2}=a^{2} \\
x_{A} = x_{0} + \frac{a}{\sqrt{n^{2}-1}} = \frac{\sqrt{f^{2}+R^{2}}+f}{n+1}
\end{gathered}
$$

It is evident that for a given $n$ and $f$, $x_{A}$ is determined by $R$.",\boxed{\frac{\sqrt{f^{2}+R^{2}}+f}{n+1}},NV,,False,EN,Math Derivation
5433,Electromagnetism,Geometrical Optics,Imaging of Light,A glass sphere with a refractive index of \( n = 1.5 \) and radius \( R \) is placed in the air. Find: The image position of an object when it is at infinity through the glass sphere.,"Assume the light is coming from the left side. For the first refractive surface (the front surface of the sphere), we have:

\[
\frac{1.5}{S_1'}-\frac{1.0}{\infty} = \frac{1.5-1.0}{R}
\]

Solving this gives \( S_1' = 3R \).

For the second refractive surface (the back surface of the sphere), the object distance \( S_2 = S_1' - 2R = R \), we have:

\[
\frac{1}{S_2'}-\frac{1.5}{S_2} = \frac{1-1.5}{-R}
\]

Solving this gives \( S_2' = \frac{R}{2} \), meaning the image is formed at \( 0.5R \) behind the second refractive surface.",\boxed{\frac{R}{2}},NV,,False,EN,Laws Application
5434,Electromagnetism,Geometrical Optics,Imaging of Light,"A glass sphere with a radius of 2.00 cm and a refractive index of 1.500 is placed in the air, forming a coaxial optical system with two spherical surfaces. Determine the positions of the principal planes and the virtual principal planes.","The distances to the principal planes and virtual principal planes are calculated as follows:

\[
\begin{aligned}
x_{H} & = f_{1} \frac{d}{\Delta} = -2.00 \, \text{cm}, \\
x_{H^{\prime}} & = f_{2}^{\prime} \frac{d}{\Delta} = -2.00 \, \text{cm}.
\end{aligned}
\]

This means that $\mathscr{X}$ is located 2.00 cm to the right of $A_{1}$, and $\mathscr{X}^{\prime}$ is located 2.00 cm to the left of $A_{2}$.","\boxed{-2.00, -2.00}","NV, NV","\text{cm}, \text{cm}",True,EN,Laws Application
5459,Electromagnetism,Geometrical Optics,Imaging of Light,A glass sphere with a refractive index of \( n = 1.5 \) and radius \( R \) is placed in the air. Find the image position and size when an object is located at a distance of \( 2R \) from the front surface of the sphere.,"Assume light is incident from the left side. For the front surface, when the object is at \( 2R \) in front of the first refracting surface, \( S_1 = -2R \), we have:

$$
\frac{1.5}{S_1'} - \frac{1.0}{-2R} = \frac{1.5 - 1.0}{R}
$$

Solving this, we find \( S_1' = \infty \).

For the second refracting surface, we have:

$$
\frac{1}{S_2'} + \frac{1.5}{\infty} = \frac{1 - 1.5}{-R}
$$

Solving this, we get \( S_2' = 2R \), which means the image point is at a distance of \( 2R \) from the vertex of the second refracting surface.",\boxed{2R},NV,,False,EN,Laws Application
5462,Electromagnetism,Geometrical Optics,Imaging of Light,"There is a thin double-convex lens made of crown glass ($n_{1}=1.5179, v_{1}=60.2$). It is part of a plano-convex achromatic objective with a focal length of 1 meter. Find the radii of curvature of this lens.","Using the focal length formula and the achromatic condition, the focal length of the thin lens made of crown glass is determined to be $f_1 = 38.6 \, \mathrm{cm}$. According to the formula:

$$
\frac{1}{f_{1}} = \left(n_{1}-1\right)\left(\frac{1}{r_{1}} - \frac{1}{r_{2}}\right)
$$

Given that $r_{1}$ and $r_{2}$ satisfy this relation and the lens is a double-convex lens, it follows that $r_{1} = 39 \, \mathrm{cm}$ and $r_{2} = -41.1 \, \mathrm{cm}$.","\boxed{39, -41.1}","NV, NV","\mathrm{cm}, \mathrm{cm}",True,EN,Laws Application
5463,Electromagnetism,Geometrical Optics,Reflection and Refraction of Light,"The variation of air refractive index with height on an airport runway is given by

$$
n = n_{0}(1 + \alpha y)
$$

where $\alpha = 1.5 \times 10^{-6} \, \mathrm{m}^{-1}$, and $n_{0}$ is the refractive index of air at ground level. A person standing on the runway has an eye level height of $h = 1.7 \, \mathrm{m}$. Using geometrical optics, derive the equation of the light ray trajectory.","From the geometric relationship (see Figure 2)

$$
\frac{\mathrm{d} y}{\mathrm{d} x} = \cot \theta
$$

we get

$$
\sin \theta = \sqrt{\frac{1}{1 + \cot^{2} \theta}} = \sqrt{\frac{1}{1 + \left(\frac{\mathrm{d} y}{\mathrm{d} x}\right)^{2}}}
$$

$$
<image 1>
$$

Figure 2

Substituting the above into equation (1), we obtain

$$
1 + \alpha y = \sqrt{1 + \left(\frac{\mathrm{d} y}{\mathrm{d} x}\right)^{2}}
$$

which implies

$$
1 + \left(\frac{\mathrm{d} y}{\mathrm{d} x}\right)^{2} = 1 + 2 \alpha y + \alpha^{2} y^{2}
$$

Since $\alpha$ is very small and $y$ is finite, the term $\alpha^{2} y^{2}$ can be neglected, giving

$$
\frac{\mathrm{d} y}{\mathrm{d} x} = \sqrt{2 \alpha y}
$$

or

$$
\frac{\mathrm{d} y}{\sqrt{y}} = \sqrt{2 \alpha} \, \mathrm{d} x
$$

This is the differential equation governing the trajectory of the light ray. By integrating, we find

$$
2 \sqrt{y} = \sqrt{2 \alpha} x + C
$$

Since at $x = 0$, $y = 0$, the integration constant $C = 0$. Substituting back, the trajectory of the light ray is

$$
y = \frac{\alpha}{2} x^{2}
$$

This is a parabolic curve.",\boxed{y = \frac{\alpha}{2} x^{2}},EQ,,False,EN,Math Derivation
5471,Electromagnetism,Geometrical Optics,Reflection and Refraction of Light,"A cylindrical glass tube with an inner radius of $r$ and an outer radius of $R$ is filled with a liquid. Under X-ray exposure, the liquid emits green light. For green light, the refractive index of the glass is $n_{1}$, and the refractive index of the liquid is $n_{2}$. When viewed from the side, the tube wall thickness appears to be zero. Under the condition $n_{2} \leqslant n_{1}$, what condition must $\frac{r}{R}$ satisfy?","As shown in the diagram, a person perceives the glass tube wall thickness as zero when the light rays emerging from the cylindrical glass tube and reaching the eye propagate in a direction tangential to the outer surface of the glass. Due to symmetry, we only need to study a light ray that originates from the liquid and is tangent to the glass tube.

$$
<image 1>
$$

Consider light rays that strike point $A$ on the inner wall from the liquid, forming a light cone with a vertex angle equal to $2 \alpha_{\text{max}}$. After refraction at the glass tube wall, these rays spread out. The rays with a refraction angle $\alpha=\alpha_{\max}$ strike the outer wall point $B$ at an incidence angle $\beta$, emerging along the tube surface in a tangential direction. Therefore, we have the relation

\begin{equation*}
\sin \beta=\frac{1}{n_{1}}
\end{equation*}

Applying the sine rule to triangle $A B O$, we obtain

\[
\frac{r}{\sin \beta}=\frac{R}{\sin \left(180^{\circ}-\alpha\right)}
\]

which simplifies to

\begin{equation*}
\frac{r}{R}=\frac{\sin \beta}{\sin \alpha}
\end{equation*}

It is easy to determine that the given condition can only be satisfied if

\begin{equation*}
\frac{r}{R} \geqslant \frac{1/n_{1}}{\sin \alpha_{\max}}
\end{equation*}

For this scenario, when $n_{2} \leqslant n_{1}$, we have $\sin \alpha_{\max}=\frac{n_{2}}{n_{1}}$, so

\begin{equation*}
\frac{r}{R} \geqslant \frac{1}{n_{2}}
\end{equation*}","\boxed{\left[\frac{1}{n_{2}}, \infty\right)}",IN,,False,EN,Math Derivation
5472,Electromagnetism,Geometrical Optics,Imaging of Light,"In the aforementioned physical system, replace the concave lens with a convex lens $L_{2}$ having the same focal length, with position and focal length unchanged. Find the radius of the umbra and penumbra, $R_{1}$ and $R_{2}$, in this configuration.","Since the light emitted by $S$ becomes parallel after refraction through the convex lens (because $S$ is in the focal plane), the method of graphical representation can be used to determine the umbra and penumbra.

As shown in the figure, the light ray emitted from the upper endpoint $S_{1}$ of $S$ (in the section on the plane of the paper) that goes through the center $O$ of the convex lens does not change direction. Therefore, it can be concluded that the light emitted from $S_{1}$ is refracted by the convex lens into a parallel beam of light parallel to $S_{1}O$. This parallel light beam strikes $P$ and produces a shadow with the same radius $P_{1} P_{1}^{\prime}$ on the screen $Q$. Similarly, the light emitted from the lower endpoint $S_{2}$ of $S$ is refracted by lens $L_{2}$ into a parallel beam parallel to $S_{2}O$, producing a shadow with the same radius $P_{2} P_{2}^{\prime}$ on $Q$. The light from other points on $S$ becomes parallel light beams after passing through $L_{2}$, but with a slightly smaller angle with the main axis.

Therefore, $P_{1}$ and $P_{2}^{\prime}$ overlap on the screen, resulting in no umbra on the screen, i.e., $R_{1}=0$, and the radius of the penumbra is:

$$
R_{2}=2a
$$","\boxed{R_{1}=0, R_{2}=2a}",EQ,"None, None",True,EN,Practical Application
5484,Electromagnetism,Geometrical Optics,Imaging of Light,Calculate the depth of focus of a $10 \times$ magnifying glass or eyepiece.,"The working distance of a magnifying glass (or eyepiece) is such that the object is placed in a small range slightly inside the first focal point, enabling the formation of a virtually magnified image beyond the near point $s_{0}$ for observation by a normal eye. The so-called ""depth of focus"" refers to the aforementioned small longitudinal interval $\Delta x$, which corresponds to the object distance related to the near point. Let the image distance be $x^{\prime} = -(s_{0} + f)$. According to Newton's formula, we have

$$
x = \frac{f^{2}}{x^{\prime}} = -\frac{f^{2}}{s_{0} + f}
$$

From this, the angular magnification $M = s_{0} / f$, substituting the focal length $f$ into the above expression gives

$$
x = -\frac{s_{0}}{M(M+1)}
$$

The depth of focus is 

$$
\Delta x = |x| = \frac{s_{0}}{M(M+1)}
$$

Thus, we calculate

$$
M=10 \times, \Delta x=0.23 \mathrm{~cm}
$$",\boxed{0.23},NV,\text{cm},False,EN,Practical Application
5488,Electromagnetism,Geometrical Optics,Imaging of Light,"An observer watches an object along the diameter as it gradually moves closer from the far end. Assume that the thin-walled glass sphere is filled with water with a refractive index $n=4/3$, and the sphere's radius is $r=5 \, \mathrm{cm}$. Analyze the position of the image when the object moves $5.0 \, \mathrm{cm}$ and calculate the speed of the image at this moment.","Given $s = r = -5 \, \mathrm{cm}$, the corresponding image position is

$$
s^{\prime} = r = -5 \, \mathrm{cm}
$$

Differentiating both sides of the Abbe invariant equation with respect to time gives

$$
v^{\prime} = \frac{n_{0}}{n_{1}} \left( \frac{s^{\prime}}{s} \right)^{2} v
$$

When the object starts moving, the speed of the image is $1.3 \, \mathrm{cm/s}$. That is, it appears as if the object is moving slower.","\boxed{-5, 1.3}","NV, NV","\mathrm{cm}, \mathrm{cm/s}",True,EN,Laws Application
5492,Electromagnetism,Geometrical Optics,Reflection and Refraction of Light,"Inside a solid sphere with a radius of $R$, there is a small bubble $S$. When an observer's line of sight passes through the bubble and the center of the sphere, the bubble appears to be at a distance of $\frac{R}{2}$ from the sphere's surface. The refractive index of the glass is $n = 1.5$. Find the actual distance of the bubble to the surface of the sphere along this direction.","Let the positions of the eye, the top of the sphere, and the center of the sphere be $A$, $B$, and $O$, respectively, as shown in the figure. Let $D$ be a point on the sphere's surface very close to point $B$, where the light emitted from bubble $S$ refracts at point $D$ and enters the observer's eye. The figure is exaggerated for illustrative purposes, so all angles marked in the figure are very small. The coordinates of point $D$ are $x, y$. The apparent position of the bubble is $S'$, with $\overline{S'B} = \frac{R}{2}$. The law of refraction can be written as:

$$ 
n i = r 
$$

$$ 
\alpha \approx \frac{x}{R/2} = \frac{2x}{R} 
$$

$$ 
\beta \approx \frac{x}{h}, \quad h = \overline{SB} 
$$

$$ 
\theta \approx \frac{x}{R} 
$$

$$ 
r = \alpha - \theta, \quad i = \beta - \theta 
$$

By combining the equations, we get:

$$ 
n = \frac{r}{i} = \frac{\alpha - \theta}{\beta - \theta} = \frac{\frac{2x}{R} - \frac{x}{R}}{\frac{x}{h} - \frac{x}{R}} = \frac{1/R}{1/h - 1/R} 
$$

Solving this, we find:

$$ 
h = \frac{nR}{n+1} = \frac{3}{5} R 
$$",\boxed{\frac{3}{5} R},NV,,False,EN,Laws Application
5495,Electromagnetism,Geometrical Optics,Reflection and Refraction of Light,"A light ray travels in a plane perpendicular to the axis of a semicircular glass cylinder and strikes the flat surface at an angle of $45^{\circ}$ to the normal. Given the refractive index of glass $n=\sqrt{2}$, determine the possible range of angles at which light can exit from the curved surface of the cylinder without undergoing total internal reflection.","The angle of incidence $i$ for the light ray traveling from left to right and hitting the curved surface of the semicircular cylinder changes with position, and only the light that does not undergo total internal reflection can exit from the cylindrical surface.

Consider the position where the refracted light further strikes the curved surface at an angle $\varphi$. The angle of incidence $i$ is given as:

$$
i=180^{\circ}-(90^{\circ}-\beta)-\varphi=120^{\circ}-\varphi
$$

The critical angle for total internal reflection from glass to air is determined by:

$$
\begin{gathered}
n \sin i_{C}=1, \\
i_{C}=\arcsin (1 / n)=45^{\circ}
\end{gathered}
$$

Considering that light rays strike to the left and right of point $O$ on the plane, causing refracted rays to enter the curved surface on the left and right sides of the surface normal, the condition for no total internal reflection is:

$$
-45^{\circ}<120^{\circ}-\varphi<45^{\circ}
$$

Thus, we have:

$$
75^{\circ}<\varphi<165^{\circ}
$$

Only within this range can light exit from the lower surface of the cylinder.","\boxed{(75^{\circ}, 165^{\circ})}",IN,,False,EN,Laws Application
5497,Electromagnetism,Geometrical Optics,Reflection and Refraction of Light,"A cylindrical glass tube with an inner radius of $r$ and an outer radius of $R$ is filled with a liquid that emits green light when exposed to X-rays. It is known that for green light, the refractive index of the glass is $n_{1}$ and the refractive index of the liquid is $n_{2}$. From the side, the thickness of the tube walls appears to be zero. What condition must the ratio $\frac{r}{R}$ satisfy when $n_{2} \geqslant n_{1}$?","As shown in the image, the wall thickness of the glass tube seems to be zero only when the light rays coming out of the cylindrical glass tube and reaching the observer's eye travel along the tangent to the outer surface of the glass. Due to symmetry, we only need to analyze one ray emerging from the liquid that is tangent to the glass tube.
$$
<image 1>
$$

Consider the light ray directed from the liquid towards point $A$ on the inner wall of the tube. Let these rays fall within a light cone with an apex angle of $2 \alpha_{\text{max}}$ and refract at the tube wall spreading out. The ray with a refraction angle $\alpha=\alpha_{\max}$ strikes point $B$ on the outer wall at an incident angle $\beta$, and refracts out along the tangent to the outer surface. Thus, we have the relationship:

\begin{equation*}
\sin \beta=\frac{1}{n_{1}}
\end{equation*}

Applying the sine law to triangle $A B O$, we get:

\[
\frac{r}{\sin \beta}=\frac{R}{\sin \left(180^{\circ}-\alpha\right)}
\]

which simplifies to:

\begin{equation*}
\frac{r}{R}=\frac{\sin \beta}{\sin \alpha}
\end{equation*}

It is easy to determine that this condition is only satisfied when:

\begin{equation*}
\frac{r}{R} \geqslant \frac{1/n_{1}}{\sin \alpha_{\max}}
\end{equation*}

For this scenario, when $n_{2} \geqslant n_{1}$, we have $\alpha_{\text{max}}=90^{\circ}$, and in this case:

\begin{equation*}
\frac{r}{R} \geqslant \frac{1}{n_{1}}
\end{equation*}","\boxed{\left[\frac{1}{n_{1}}, \infty\right)}",IN,,False,EN,Math Derivation
5501,Electromagnetism,Geometrical Optics,Imaging of Light,"In an optical system, there is a thin convex lens \( L_{1} \) with a focal length of \( f_{1} = 3.00 \, \mathrm{cm} \). A photographic film is placed at the image plane \( P \), and the distance between \( L_{1} \) and \( P \) is \( l = 4.50 \, \mathrm{cm} \). There is also a thin concave lens \( L_{2} \) with a focal length of \( -f_{2} \), and the distance \( d \) between \( L_{1} \) and \( L_{2} \) is adjustable. If \( f_{2} = 3.00 \, \mathrm{cm} \), as the object moves from infinity to \( u_{1} = 100.0 \, \mathrm{cm} \), what is the distance \( L_{2} \) should move to ensure the object continues to form a real image on the film?","Let the image distance formed after \( L_{1} \) be \( v_{1} \), and when the final image is formed at \( P \), the distance between \( L_{1} \) and \( L_{2} \) is \( d \). Using the lens formula, we have:

\[
\frac{1}{u_{1}} + \frac{1}{v_{1}} = \frac{1}{f_{1}} 
\]

\[
\frac{1}{d-v_{1}} + \frac{1}{l-d} = -\frac{1}{f_{2}}
\]

When \( u_{1} \rightarrow \infty \), from the formula we find:

\[
v_{1} = f_{1} = 3.00 \, \mathrm{cm}
\]

Then,

\[
\frac{1}{d-f_{1}} + \frac{1}{l-d} = -\frac{1}{f_{2}}
\]

Substitute the values to get:

\[
d^{2} - 7.5d + 9 = 0
\]

\[
d = \frac{7.5 \pm 4.5}{2}
\]

Since the system requires \( d < 4.50 \, \mathrm{cm} \), the reasonable solution is:

\[
d = 1.50 \, \mathrm{cm}
\]

When \( u_{1} = 100.0 \, \mathrm{cm} \), let the image distance be \( v_{1}^{\prime} \), and the distance between \( L_{1} \) and \( L_{2} \) be \( d^{\prime} \), then we have:

\[
\frac{1}{100} + \frac{1}{v_{1}^{\prime}} = \frac{1}{3}
\]

\[
\frac{1}{d^{\prime}-v_{1}^{\prime}} + \frac{1}{4.5-d^{\prime}} = -\frac{1}{3}
\]

This yields:

\[
d^{\prime 2} - 7.59d^{\prime} + 9.68 = 0
\]

\[
d^{\prime} = \frac{7.59 \pm 4.35}{2}
\]

The reasonable solution is:

\[
d^{\prime} = 1.62 \, \mathrm{cm}
\]

Therefore, the distance \( L_{2} \) should move is:

\[
\Delta d = d^{\prime} - d = 0.12 \, \mathrm{cm}
\]",\boxed{0.12},NV,\mathrm{cm},False,EN,Practical Application
5509,Electromagnetism,Geometrical Optics,Imaging of Light,"In an optical system, there is a thin convex lens \( L_{1} \) with a focal length of \( f_{1} = 3.00 \, \mathrm{cm} \), and a photographic film is placed at image plane \( P \). The distance between \( L_{1} \) and \( P \) is \( l = 4.50 \, \mathrm{cm} \). There is also a thin concave lens \( L_{2} \) with a focal length of \(-f_{2}\), and the distance \( d \) between \( L_{1} \) and \( L_{2} \) is adjustable. Is it possible to form a real image on \( P \) for any object placed at any position by choosing appropriate values for \( f_{2} \) and \( d \)? If not, what are the restrictions on the object distance?","Consider the conditions required to form a real image at \( P \). Start with the imaging process from \( L_{2} \). Let the object distance be \( u_{2} \) and the image distance be \( v_{2} \). The imaging equation is

\[
\frac{1}{u_{2}} + \frac{1}{v_{2}} = -\frac{1}{f_{2}}
\]

which can be rewritten as

\[
\frac{1}{v_{2}} = -\frac{1}{u_{2}} - \frac{1}{f_{2}}
\]

To form a real image at \( P \) through \( L_{2} \), we require

\[
v_{2} > 0
\]

which implies

\[
u_{2} < 0, \quad \left|u_{2}\right| < v_{2} = l - d
\]

and also

\[
-\frac{1}{u_{2}} > \frac{1}{f_{2}} \quad \text{or} \quad \left|u_{2}\right| < f_{2}
\]

The condition \( u_{2} < 0 \) indicates that the image formed by \( L_{1} \) must be located on the right side of \( L_{2} \) and inverted, with \( v_{1} \geq f_{1} \).

The image should be located between the center and the focal point of \( L_{2} \), or

\[
v_{1} = \left|u_{2}\right| + d < l
\]

Combining the above, \( L_{1} \)'s image location is restricted to

\[
3.00 \, \mathrm{cm} \leq v_{1} < 4.50 \, \mathrm{cm}
\]

Using the imaging equation, the restriction on \( v_{1} \) translates to a restriction on \( u_{1} \):

\[
u_{1} = \frac{f_{1}}{1 - f_{1} / v_{1}}
\]

As \( u_{1} \rightarrow \infty \), \( v_{1} = 3.00 \, \mathrm{cm} \). If \( v_{1} = l \), then

\[
u_{C} = \frac{f_{1}}{1 - f_{1} / l} = 9.00 \, \mathrm{cm}
\]

Therefore, the imaging requirement is 

\[
u_{1} > 9.00 \, \mathrm{cm}
\]","\boxed{No, (9.00, \infty)}","TF, IN","\text{None}, \mathrm{cm}",True,EN,Laws Application
5512,Electromagnetism,Geometrical Optics,Imaging of Light,"On the principal axis outside a lens, take a point $F$ such that $\overline{OF} = f$. When parallel light is incident along the principal axis, what is the restriction on the lens' aperture $R$?","Since point $F$ is outside the lens, it follows that

$$
x_{A} \leqslant f
$$

This is the limiting condition for $R$, which can be expressed as

$$
\frac{\sqrt{f^{2}+R^{2}}+f}{n+1} \leqslant f
$$

which means

$$
R \leqslant \sqrt{n^{2}-1} f
$$

In the limiting case, where

$$
R = \sqrt{n^{2}-1} f
$$

we have the result:

$$
x_{A} = \frac{\sqrt{f^{2}+(n^{2}-1)f^{2}}+f}{n+1} = f
$$

This indicates that point $A$ coincides with point $F$. Moreover, in this limiting case,

$$
<image 1>
$$

Figure 2

$$
x_{0} = \frac{n^{2}f-f}{n^{2}-1} = f, \quad a = 0
$$

Therefore, the equation for the hyperbolic surface of the lens becomes

$$
(n^{2}-1)(x-f)^{2} - y^{2} = 0
$$

which simplifies to

$$
y = \pm \sqrt{n^{2}-1}(x-f)
$$

The hyperbola degenerates into two straight lines through point $F$, meaning at this stage, the convex surface of the lens becomes a conical surface with point $F$ as its vertex, as shown in Figure 2.","\boxed{( -\infty, \sqrt{n^{2}-1} \cdot f ]}",IN,,False,EN,Math Derivation
